"Id","Position","First Name","Last Name","FPPG","Played","Salary","Game","Team","Opponent","Injury Indicator","Injury Details","",""
"11612","WR","Antonio","Brown","27.9","2","9300","PIT@STL","PIT","STL","","","",""
"6894","QB","Aaron","Rodgers","21.7","2","9100","KC@GB","GB","KC","","","",""
"21939","QB","Andrew","Luck","14.6","2","9000","IND@TEN","IND","TEN","","","",""
"14190","WR","Julio","Jones","25.3","2","9000","ATL@DAL","ATL","DAL","P","Hamstring","",""
"6703","RB","Adrian","Peterson","12.5","2","8900","SD@MIN","MIN","SD","","","",""
"28181","RB","Le'Veon","Bell","20.6","16","8800","PIT@STL","PIT","STL","","","",""
"6498","QB","Tom","Brady","27.9","2","8700","JAC@NE","NE","JAC","","","",""
"9371","RB","Marshawn","Lynch","11.3","2","8700","CHI@SEA","SEA","CHI","Q","Calf","",""
"6728","RB","Jamaal","Charles","17.8","2","8700","KC@GB","KC","GB","","","",""
"6589","QB","Ben","Roethlisberger","21.8","2","8500","PIT@STL","PIT","STL","","","",""
"22015","QB","Russell","Wilson","19.6","2","8400","CHI@SEA","SEA","CHI","","","",""
"6504","QB","Drew","Brees","15.3","2","8400","NO@CAR","NO","CAR","NA","Shoulder","",""
"11432","WR","Demaryius","Thomas","12.6","2","8400","DEN@DET","DEN","DET","","","",""
"11460","TE","Rob","Gronkowski","25.4","2","8400","JAC@NE","NE","JAC","","","",""
"6899","RB","Matt","Forte","18.8","2","8400","CHI@SEA","CHI","SEA","P","Knee","",""
"6616","QB","Matt","Ryan","18.5","2","8300","ATL@DAL","ATL","DAL","","","",""
"6655","WR","Calvin","Johnson","12.1","2","8200","DEN@DET","DET","DEN","","","",""
"14257","WR","Randall","Cobb","14","2","8200","KC@GB","GB","KC","P","Shoulder","",""
"10777","RB","Arian","Foster","19.6","13","8200","TB@HOU","HOU","TB","O","Groin","",""
"6661","QB","Peyton","Manning","13.6","2","8200","DEN@DET","DEN","DET","P","Not injury related","",""
"11505","WR","Emmanuel","Sanders","17.6","2","8100","DEN@DET","DEN","DET","","","",""
"6714","QB","Joe","Flacco","12.6","2","8100","CIN@BAL","BAL","CIN","","","",""
"6748","QB","Carson","Palmer","23.9","2","8100","SF@ARI","ARI","SF","","","",""
"21948","QB","Ryan","Tannehill","17.9","2","8000","BUF@MIA","MIA","BUF","P","Ankle","",""
"14187","WR","A.J.","Green","10.4","2","8000","CIN@BAL","CIN","BAL","P","Knee","",""
"14185","QB","Cam","Newton","20.9","2","7900","NO@CAR","CAR","NO","","","",""
"14231","QB","Colin","Kaepernick","17.6","2","7900","SF@ARI","SF","ARI","","","",""
"14211","RB","Mark","Ingram","13.8","2","7900","NO@CAR","NO","CAR","","","",""
"16606","WR","DeAndre","Hopkins","18.1","2","7800","TB@HOU","HOU","TB","P","Concussion","",""
"14254","RB","DeMarco","Murray","12","2","7800","PHI@NYJ","PHI","NYJ","NA","Hamstring","",""
"28473","RB","Carlos","Hyde","19.7","2","7800","SF@ARI","SF","ARI","P","Leg","",""
"7968","QB","Philip","Rivers","18.5","2","7700","SD@MIN","SD","MIN","","","",""
"7859","WR","Julian","Edelman","22.3","2","7700","JAC@NE","NE","JAC","","","",""
"30968","RB","Eddie","Lacy","8.9","2","7700","KC@GB","GB","KC","Q","Ankle","",""
"29253","WR","Keenan","Allen","12.4","2","7600","SD@MIN","SD","MIN","","","",""
"31394","WR","Jarvis","Landry","16.2","2","7600","BUF@MIA","MIA","BUF","","","",""
"31397","RB","Jeremy","Hill","9.5","2","7600","CIN@BAL","CIN","BAL","","","",""
"22031","WR","T.Y.","Hilton","9.4","2","7600","IND@TEN","IND","TEN","","","",""
"21980","WR","Alshon","Jeffery","10.3","1","7500","CHI@SEA","CHI","SEA","O","Hamstring","",""
"6779","RB","LeSean","McCoy","11.7","2","7500","BUF@MIA","BUF","MIA","P","Hamstring","",""
"6654","QB","Matthew","Stafford","18.1","2","7400","DEN@DET","DET","DEN","P","Ribs","",""
"32384","WR","Mike","Evans","0","1","7400","TB@HOU","TB","HOU","P","Hamstring","",""
"6759","WR","Brandon","Marshall","17.4","2","7400","PHI@NYJ","NYJ","PHI","","","",""
"29358","QB","Marcus","Mariota","20.6","2","7300","IND@TEN","TEN","IND","","","",""
"29249","RB","C.J.","Anderson","5.1","2","7300","DEN@DET","DEN","DET","P","Toe","",""
"25290","RB","Giovani","Bernard","13.6","2","7200","CIN@BAL","CIN","BAL","","","",""
"11414","QB","Sam","Bradford","12.6","2","7200","PHI@NYJ","PHI","NYJ","","","",""
"7953","WR","Vincent","Jackson","10","2","7200","TB@HOU","TB","HOU","","","",""
"6857","RB","Justin","Forsett","8.8","2","7200","CIN@BAL","BAL","CIN","","","",""
"6898","QB","Jay","Cutler","12.6","2","7200","CHI@SEA","CHI","SEA","O","Hamstring","",""
"14225","QB","Andy","Dalton","20.2","2","7100","CIN@BAL","CIN","BAL","","","",""
"11864","RB","Christopher","Ivory","14.8","2","7100","PHI@NYJ","NYJ","PHI","P","Quadriceps","",""
"30837","WR","Jordan","Matthews","16.1","2","7100","PHI@NYJ","PHI","NYJ","","","",""
"6735","WR","Steve","Smith","11.2","2","7100","CIN@BAL","BAL","CIN","","","",""
"29501","WR","Brandin","Cooks","7.8","2","7000","NO@CAR","NO","CAR","P","Ankle","",""
"24682","RB","Andre","Ellington","12.1","1","7000","SF@ARI","ARI","SF","D","Knee","",""
"6840","RB","Frank","Gore","4.4","2","7000","IND@TEN","IND","TEN","","","",""
"34331","RB","Latavius","Murray","13.9","2","7000","OAK@CLE","OAK","CLE","","","",""
"14377","QB","Tyrod","Taylor","22.4","2","7000","BUF@MIA","BUF","MIA","P","Chest","",""
"31001","WR","Amari","Cooper","13.8","2","6900","OAK@CLE","OAK","CLE","","","",""
"7659","QB","Ryan","Fitzpatrick","15.7","2","6800","PHI@NYJ","NYJ","PHI","","","",""
"33259","QB","Teddy","Bridgewater","14","2","6800","SD@MIN","MIN","SD","","","",""
"32415","QB","Johnny","Manziel","12.4","2","6800","OAK@CLE","CLE","OAK","P","Elbow","",""
"11485","WR","Golden","Tate","7.7","2","6800","DEN@DET","DET","DEN","","","",""
"24641","WR","Sammy","Watkins","7.5","2","6800","BUF@MIA","BUF","MIA","","","",""
"6681","WR","Andre","Johnson","4.3","2","6800","IND@TEN","IND","TEN","P","Rest","",""
"28900","RB","Melvin","Gordon","8.3","2","6700","SD@MIN","SD","MIN","","","",""
"34308","QB","Blake","Bortles","16.8","2","6700","JAC@NE","JAC","NE","","","",""
"6883","WR","Larry","Fitzgerald","22.5","2","6700","SF@ARI","ARI","SF","","","",""
"14339","RB","Dion","Lewis","17.4","2","6700","JAC@NE","NE","JAC","","","",""
"21970","RB","Doug","Martin","7.4","2","6600","TB@HOU","TB","HOU","","","",""
"6479","WR","Anquan","Boldin","10.3","2","6600","SF@ARI","SF","ARI","","","",""
"54684","RB","Isaiah","Crowell","8.8","2","6600","OAK@CLE","CLE","OAK","","","",""
"45859","QB","Derek","Carr","15.3","2","6600","OAK@CLE","OAK","CLE","","","",""
"28643","WR","Allen","Robinson","16.9","2","6600","JAC@NE","JAC","NE","","","",""
"31061","RB","T.J.","Yeldon","9","2","6600","JAC@NE","JAC","NE","","","",""
"22037","RB","Lamar","Miller","7.4","2","6600","BUF@MIA","MIA","BUF","Q","Ankle","",""
"21959","QB","Brandon","Weeden","7.6","1","6500","ATL@DAL","DAL","ATL","","","",""
"31261","RB","Tre","Mason","4","1","6500","PIT@STL","STL","PIT","","","",""
"7283","WR","Jeremy","Maclin","7.6","2","6500","KC@GB","KC","GB","P","Knee","",""
"27553","RB","Joseph","Randle","9.6","2","6500","ATL@DAL","DAL","ATL","","","",""
"8005","QB","Alex","Smith","15.2","2","6500","KC@GB","KC","GB","","","",""
"31836","WR","Terrance","Williams","12.5","2","6500","ATL@DAL","DAL","ATL","","","",""
"24920","RB","Devonta","Freeman","10.1","2","6500","ATL@DAL","ATL","DAL","","","",""
"22027","QB","Nick","Foles","14.5","2","6500","PIT@STL","STL","PIT","","","",""
"24849","QB","Jameis","Winston","17.4","2","6500","TB@HOU","TB","HOU","","","",""
"11609","RB","James","Starks","5.4","2","6500","KC@GB","GB","KC","","","",""
"6733","RB","Jonathan","Stewart","8.3","2","6500","NO@CAR","CAR","NO","Q","Knee","",""
"33076","TE","Travis","Kelce","16.7","2","6400","KC@GB","KC","GB","","","",""
"14288","WR","Torrey","Smith","12.3","2","6400","SF@ARI","SF","ARI","P","Knee","",""
"45889","WR","Davante","Adams","6.9","2","6400","KC@GB","GB","KC","Q","Ankle","",""
"9421","RB","Danny","Woodhead","16.6","2","6400","SD@MIN","SD","MIN","","","",""
"14267","QB","Ryan","Mallett","13.9","2","6300","TB@HOU","HOU","TB","","","",""
"30447","RB","Todd","Gurley","0","0","6300","PIT@STL","STL","PIT","P","Knee","",""
"11512","TE","Jimmy","Graham","7.9","2","6300","CHI@SEA","SEA","CHI","","","",""
"29991","RB","Bishop","Sankey","12.9","2","6300","IND@TEN","TEN","IND","","","",""
"7872","QB","Brian","Hoyer","10.4","1","6300","TB@HOU","HOU","TB","","","",""
"7806","RB","Darren","McFadden","5.1","2","6300","ATL@DAL","DAL","ATL","","","",""
"22003","RB","Ronnie","Hillman","3.8","2","6200","DEN@DET","DEN","DET","","","",""
"6566","RB","Chris","Johnson","5.5","2","6200","SF@ARI","ARI","SF","","","",""
"27776","RB","Tevin","Coleman","8.6","2","6200","ATL@DAL","ATL","DAL","NA","Ribs","",""
"6618","WR","Roddy","White","5.2","2","6100","ATL@DAL","ATL","DAL","","","",""
"6687","QB","Mark","Sanchez","16.7","9","6100","PHI@NYJ","PHI","NYJ","","","",""
"7660","RB","Fred","Jackson","5","2","6000","CHI@SEA","SEA","CHI","","","",""
"31561","WR","Donte","Moncrief","17.7","2","6000","IND@TEN","IND","TEN","","","",""
"27229","RB","Ameer","Abdullah","9.9","2","6000","DEN@DET","DET","DEN","","","",""
"6641","TE","Jason","Witten","15.6","2","6000","ATL@DAL","DAL","ATL","P","Ankle","",""
"54606","WR","John","Brown","9.8","2","6000","SF@ARI","ARI","SF","","","",""
"11419","RB","C.J.","Spiller","3.1","1","6000","NO@CAR","NO","CAR","","","",""
"8118","QB","Michael","Vick","-0.3","1","6000","PIT@STL","PIT","STL","","","",""
"11501","WR","Eric","Decker","15.2","2","6000","PHI@NYJ","NYJ","PHI","NA","Knee","",""
"62497","RB","David","Johnson","14.5","2","6000","SF@ARI","ARI","SF","","","",""
"9392","WR","Michael","Crabtree","13.9","2","6000","OAK@CLE","OAK","CLE","","","",""
"14626","WR","Doug","Baldwin","12.9","2","6000","CHI@SEA","SEA","CHI","","","",""
"6803","QB","Josh","McCown","2.3","1","6000","OAK@CLE","CLE","OAK","P","Concussion","",""
"7778","QB","Matt","Cassel","0","1","6000","ATL@DAL","DAL","ATL","","","",""
"6732","RB","DeAngelo","Williams","21.5","2","6000","PIT@STL","PIT","STL","","","",""
"21957","WR","Kendall","Wright","10.4","2","5900","IND@TEN","TEN","IND","","","",""
"7645","WR","Steve","Johnson","15.1","2","5900","SD@MIN","SD","MIN","","","",""
"11779","RB","LeGarrette","Blount","0.4","1","5900","JAC@NE","NE","JAC","","","",""
"33557","TE","Tyler","Eifert","19.9","2","5900","CIN@BAL","CIN","BAL","","","",""
"6914","TE","Greg","Olsen","5.8","2","5900","NO@CAR","CAR","NO","","","",""
"7844","QB","Chad","Henne","10.4","3","5900","JAC@NE","JAC","NE","","","",""
"6580","TE","Heath","Miller","11.5","2","5800","PIT@STL","PIT","STL","","","",""
"6607","WR","Mike","Wallace","7.3","2","5800","SD@MIN","MIN","SD","","","",""
"11712","RB","Joique","Bell","4","2","5800","DEN@DET","DET","DEN","","","",""
"14283","WR","Leonard","Hankerson","9.7","2","5700","ATL@DAL","ATL","DAL","","","",""
"27441","RB","Damien","Williams","5.2","2","5700","BUF@MIA","MIA","BUF","","","",""
"7222","WR","James","Jones","14.3","2","5700","KC@GB","GB","KC","","","",""
"7053","QB","Matt","Flynn","-0.2","7","5700","PHI@NYJ","NYJ","PHI","","","",""
"22163","WR","Rishard","Matthews","13","2","5700","BUF@MIA","MIA","BUF","","","",""
"21994","QB","Brock","Osweiler","1.5","4","5600","DEN@DET","DEN","DET","","","",""
"6448","TE","Martellus","Bennett","10.4","2","5600","CHI@SEA","CHI","SEA","","","",""
"54612","RB","Lorenzo","Taliaferro","12.1","1","5600","CIN@BAL","BAL","CIN","P","Foot","",""
"31421","QB","Zach","Mettenberger","-0.5","1","5600","IND@TEN","TEN","IND","","","",""
"14905","WR","Kamar","Aiken","4.9","2","5600","CIN@BAL","BAL","CIN","","","",""
"25837","RB","Duke","Johnson","3.3","2","5600","OAK@CLE","CLE","OAK","","","",""
"31871","RB","Charles","Sims","5.6","2","5600","TB@HOU","TB","HOU","","","",""
"6704","WR","Percy","Harvin","12.4","2","5600","BUF@MIA","BUF","MIA","P","Hip","",""
"22047","TE","Ladarius","Green","11.6","2","5600","SD@MIN","SD","MIN","Q","Concussion","",""
"22035","WR","Travis","Benjamin","23.7","2","5600","OAK@CLE","CLE","OAK","","","",""
"54608","RB","Jerick","McKinnon","2.2","2","5500","SD@MIN","MIN","SD","","","",""
"11425","RB","Ryan","Mathews","5.2","2","5500","PHI@NYJ","PHI","NYJ","","","",""
"24949","QB","E.J.","Manuel","12.3","5","5500","BUF@MIA","BUF","MIA","","","",""
"28677","QB","Matt","McGloin","10.7","1","5500","OAK@CLE","OAK","CLE","","","",""
"8803","QB","Chase","Daniel","2.6","3","5400","KC@GB","KC","GB","","","",""
"6535","WR","Kenny","Britt","8.1","2","5400","PIT@STL","STL","PIT","","","",""
"22848","QB","Austin","Davis","11.7","10","5400","OAK@CLE","CLE","OAK","NA","Coach's decision","",""
"14194","QB","Blaine","Gabbert","6","1","5400","SF@ARI","SF","ARI","","","",""
"14268","RB","Stevan","Ridley","8.3","6","5400","PHI@NYJ","NYJ","PHI","NA","Knee","",""
"14292","TE","Jordan","Cameron","8.5","2","5400","BUF@MIA","MIA","BUF","Q","Groin","",""
"45723","TE","Crockett","Gillmore","13.3","2","5400","CIN@BAL","BAL","CIN","","","",""
"14305","RB","Roy","Helu","0","1","5400","OAK@CLE","OAK","CLE","","","",""
"31073","RB","Knile","Davis","5.1","2","5400","KC@GB","KC","GB","","","",""
"11454","RB","Dexter","McCluster","7.6","2","5400","IND@TEN","TEN","IND","","","",""
"39649","RB","Benny","Cunningham","9.5","2","5400","PIT@STL","STL","PIT","","","",""
"22288","WR","Cole","Beasley","4.2","2","5400","ATL@DAL","DAL","ATL","","","",""
"7972","RB","Darren","Sproles","10","2","5400","PHI@NYJ","PHI","NYJ","","","",""
"6808","QB","Matt","Moore","0.3","2","5400","BUF@MIA","MIA","BUF","","","",""
"22219","WR","Jermaine","Kearse","5.8","2","5400","CHI@SEA","SEA","CHI","","","",""
"6870","TE","Vernon","Davis","7.5","2","5400","SF@ARI","SF","ARI","","","",""
"7761","TE","Jared","Cook","9.1","2","5400","PIT@STL","STL","PIT","","","",""
"28088","RB","Denard","Robinson","3.2","2","5400","JAC@NE","JAC","NE","NA","Knee","",""
"29645","RB","Javorius","Allen","2.6","2","5300","CIN@BAL","BAL","CIN","","","",""
"29685","WR","Robert","Woods","8.6","2","5300","BUF@MIA","BUF","MIA","","","",""
"29683","WR","Nelson","Agholor","2.8","2","5300","PHI@NYJ","PHI","NYJ","","","",""
"6645","WR","Marques","Colston","6.7","2","5300","NO@CAR","NO","CAR","","","",""
"6643","RB","Reggie","Bush","0.8","1","5300","SF@ARI","SF","ARI","O","Calf","",""
"6610","WR","Nate","Washington","10.7","2","5300","TB@HOU","HOU","TB","","","",""
"14237","TE","Kyle","Rudolph","9.7","2","5300","SD@MIN","MIN","SD","","","",""
"14317","TE","Julius","Thomas","11","13","5300","JAC@NE","JAC","NE","NA","Finger","",""
"38269","RB","Cameron","Artis-Payne","0","1","5300","NO@CAR","CAR","NO","","","",""
"54607","RB","Terrance","West","0.6","2","5300","IND@TEN","TEN","IND","","","",""
"26458","WR","Tavon","Austin","9.8","2","5300","PIT@STL","STL","PIT","","","",""
"31406","RB","Alfred","Blue","3.5","2","5300","TB@HOU","HOU","TB","","","",""
"11431","TE","Jermaine","Gresham","1","2","5300","SF@ARI","ARI","SF","","","",""
"11466","QB","Jimmy","Clausen","3.3","1","5300","CHI@SEA","CHI","SEA","","","",""
"12550","D","Seattle","Seahawks","11.5","2","5300","CHI@SEA","SEA","CHI","","","",""
"25607","RB","Josh","Harris","0.3","5","5300","PIT@STL","PIT","STL","","","",""
"7952","WR","Malcom","Floyd","8","2","5300","SD@MIN","SD","MIN","","","",""
"22234","RB","Chris","Polk","4.7","2","5300","TB@HOU","HOU","TB","","","",""
"6679","QB","Matt","Schaub","0.1","11","5300","CIN@BAL","BAL","CIN","","","",""
"24907","RB","Karlos","Williams","11.1","2","5300","BUF@MIA","BUF","MIA","","","",""
"7784","WR","Darrius","Heyward-Bey","11.8","2","5300","PIT@STL","PIT","STL","","","",""
"22004","TE","Dwayne","Allen","4.6","2","5200","IND@TEN","IND","TEN","NA","Ankle","",""
"21952","WR","Michael","Floyd","1.2","2","5200","SF@ARI","ARI","SF","","","",""
"6627","WR","Ted","Ginn Jr.","9.3","2","5200","NO@CAR","CAR","NO","","","",""
"28249","RB","David","Cobb","0","0","5200","IND@TEN","TEN","IND","IR","Calf","",""
"14198","QB","Christian","Ponder","6.7","2","5200","OAK@CLE","OAK","CLE","","","",""
"34295","WR","Breshad","Perriman","0","0","5200","CIN@BAL","BAL","CIN","NA","Knee","",""
"14320","RB","Bilal","Powell","8.1","2","5200","PHI@NYJ","NYJ","PHI","","","",""
"29500","WR","Markus","Wheaton","8.4","2","5200","PIT@STL","PIT","STL","P","Chest","",""
"14307","WR","Cecil","Shorts","7.1","2","5200","TB@HOU","HOU","TB","","","",""
"6488","WR","Dwayne","Bowe","0","1","5200","OAK@CLE","CLE","OAK","NA","Coach's decision","",""
"27457","WR","Kenny","Stills","1.8","2","5200","BUF@MIA","MIA","BUF","","","",""
"46882","RB","Jay","Ajayi","0","0","5200","BUF@MIA","MIA","BUF","IR","Ribs","",""
"6373","QB","Derek","Anderson","8.4","6","5200","NO@CAR","CAR","NO","","","",""
"8071","QB","Dan","Orlovsky","0","1","5200","DEN@DET","DET","DEN","","","",""
"14761","WR","Andre","Holmes","3.3","2","5200","OAK@CLE","OAK","CLE","","","",""
"47294","RB","Terrence","Franks","0","0","5200","PIT@STL","STL","PIT","","","",""
"25813","WR","Phillip","Dorsett","3.3","2","5200","IND@TEN","IND","TEN","","","",""
"39449","WR","Charles","Johnson","3.1","2","5200","SD@MIN","MIN","SD","","","",""
"16923","TE","Austin","Seferian-Jenkins","14.7","2","5200","TB@HOU","TB","HOU","O","Shoulder","",""
"8051","QB","Luke","McCown","0","2","5200","NO@CAR","NO","CAR","","","",""
"6814","QB","Tarvaris","Jackson","6.1","1","5200","CHI@SEA","SEA","CHI","P","Ankle","",""
"7919","QB","Kellen","Clemens","3.4","2","5200","SD@MIN","SD","MIN","","","",""
"28860","RB","Montee","Ball","6.4","5","5200","DEN@DET","DEN","DET","","","",""
"6863","TE","Delanie","Walker","11.8","1","5200","IND@TEN","TEN","IND","P","Wrist","",""
"7744","QB","Drew","Stanton","10.9","9","5200","SF@ARI","ARI","SF","","","",""
"29780","TE","Zach","Ertz","4.7","2","5200","PHI@NYJ","PHI","NYJ","","","",""
"21972","WR","Brian","Quick","9.7","7","5100","PIT@STL","STL","PIT","NA","","",""
"44952","RB","Dri","Archer","0","2","5100","PIT@STL","PIT","STL","","","",""
"41807","RB","Michael","Dyer","0","0","5100","OAK@CLE","OAK","CLE","","","",""
"25272","TE","Eric","Ebron","13.1","2","5100","DEN@DET","DET","DEN","","","",""
"39373","WR","Jaelen","Strong","0","0","5100","TB@HOU","HOU","TB","","","",""
"25410","QB","Mike","Glennon","15.9","6","5100","TB@HOU","TB","HOU","","","",""
"25760","WR","Allen","Hurns","7.7","2","5100","JAC@NE","JAC","NE","P","Thigh","",""
"31047","QB","AJ","McCarron","0","0","5100","CIN@BAL","CIN","BAL","","","",""
"14696","QB","Scott","Tolzien","0","0","5100","KC@GB","GB","KC","","","",""
"29003","RB","Ka'Deem","Carey","1.7","14","5100","CHI@SEA","CHI","SEA","","","",""
"6844","QB","Shaun","Hill","10.8","9","5100","SD@MIN","MIN","SD","","","",""
"26094","WR","Brandon","Coleman","8.5","2","5100","NO@CAR","NO","CAR","","","",""
"7788","WR","Louis","Murphy","4.9","2","5100","TB@HOU","TB","HOU","","","",""
"22054","WR","Jarius","Wright","4.2","2","5100","SD@MIN","MIN","SD","","","",""
"14344","QB","T.J.","Yates","1.6","1","5100","ATL@DAL","ATL","DAL","","","",""
"34014","WR","Aaron","Dobson","6.8","2","5000","JAC@NE","NE","JAC","","","",""
"14952","K","Dan","Bailey","8.5","2","5000","ATL@DAL","DAL","ATL","","","",""
"54604","QB","Jimmy","Garoppolo","2","6","5000","JAC@NE","NE","JAC","","","",""
"11436","QB","Tim","Tebow","0","0","5000","PHI@NYJ","PHI","NYJ","","","",""
"12556","D","Houston","Texans","4","2","5000","TB@HOU","HOU","TB","","","",""
"28930","RB","James","White","0","1","5000","JAC@NE","NE","JAC","","","",""
"7900","K","Stephen","Gostkowski","11.5","2","5000","JAC@NE","NE","JAC","","","",""
"23045","K","Justin","Tucker","12.5","2","5000","CIN@BAL","BAL","CIN","","","",""
"22165","RB","Bryce","Brown","5.2","7","5000","BUF@MIA","BUF","MIA","","","",""
"6897","K","Mason","Crosby","11.5","2","5000","KC@GB","GB","KC","","","",""
"11761","QB","Thaddeus","Lewis","0","0","5000","PHI@NYJ","PHI","NYJ","NA","","",""
"22103","WR","Marvin","Jones","7.5","2","5000","CIN@BAL","CIN","BAL","","","",""
"44090","RB","Alonzo","Harris","0","0","5000","KC@GB","GB","KC","","","",""
"27134","WR","Dorial","Green-Beckham","3.9","2","5000","IND@TEN","TEN","IND","","","",""
"22128","QB","Ryan","Lindley","9.1","3","5000","JAC@NE","NE","JAC","","","",""
"6724","K","Steven","Hauschka","9","2","5000","CHI@SEA","SEA","CHI","","","",""
"27050","WR","Tyler","Lockett","7.1","2","5000","CHI@SEA","SEA","CHI","","","",""
"6778","TE","Anthony","Fasano","9.6","2","5000","IND@TEN","TEN","IND","","","",""
"21984","RB","Isaiah","Pead","-0.8","2","4900","PIT@STL","STL","PIT","NA","","",""
"21971","TE","Coby","Fleener","1.5","2","4900","IND@TEN","IND","TEN","","","",""
"26247","K","Brandon","McManus","13.5","2","4900","DEN@DET","DEN","DET","","","",""
"22898","RB","Brandon","Bolden","1.3","2","4900","JAC@NE","NE","JAC","","","",""
"34288","WR","Rannell","Hall","0","0","4900","TB@HOU","TB","HOU","","","",""
"34275","RB","Storm","Johnson","3.5","6","4900","JAC@NE","JAC","NE","","","",""
"31675","RB","Josh","Robinson","3.8","2","4900","IND@TEN","IND","TEN","","","",""
"33260","WR","DeVante","Parker","0.4","2","4900","BUF@MIA","MIA","BUF","","","",""
"37245","RB","Foswhitt","Whittaker","0.9","2","4900","NO@CAR","CAR","NO","Q","Shoulder","",""
"29314","TE","Richard","Rodgers","8.6","2","4900","KC@GB","GB","KC","","","",""
"32354","WR","Malcome","Kennedy","0","0","4900","NO@CAR","NO","CAR","","","",""
"10158","TE","Scott","Chandler","5.2","2","4900","JAC@NE","NE","JAC","","","",""
"38301","TE","Darren","Fells","8.1","2","4900","SF@ARI","ARI","SF","","","",""
"14757","RB","Matt","Asiata","2.5","2","4900","SD@MIN","MIN","SD","","","",""
"22292","RB","Lance","Dunbar","8.9","2","4900","ATL@DAL","DAL","ATL","","","",""
"39492","TE","Josh","Hill","0.4","2","4900","NO@CAR","NO","CAR","","","",""
"30807","TE","Mychal","Rivera","2","2","4900","OAK@CLE","OAK","CLE","","","",""
"39900","RB","Khiry","Robinson","7.9","2","4900","NO@CAR","NO","CAR","","","",""
"6668","K","Adam","Vinatieri","0.5","2","4900","IND@TEN","IND","TEN","","","",""
"6664","TE","Jacob","Tamme","6.6","2","4900","ATL@DAL","ATL","DAL","","","",""
"14362","TE","Charles","Clay","7.9","2","4900","BUF@MIA","BUF","MIA","","","",""
"6636","K","Mike","Nugent","7.5","2","4800","CIN@BAL","CIN","BAL","","","",""
"34073","QB","Ryan","Griffin","2.3","1","4800","TB@HOU","HOU","TB","IR","Knee","",""
"43956","QB","David","Fales","0","0","4800","CHI@SEA","CHI","SEA","","","",""
"26355","QB","Logan","Thomas","3.6","2","4800","BUF@MIA","MIA","BUF","","","",""
"29605","QB","Matt","Barkley","0","1","4800","SF@ARI","ARI","SF","","","",""
"22958","RB","Bobby","Rainey","1.6","2","4800","TB@HOU","TB","HOU","","","",""
"45797","QB","Garrett","Grayson","0","0","4800","NO@CAR","NO","CAR","","","",""
"29445","QB","Sean","Mannion","0","0","4800","PIT@STL","STL","PIT","NA","","",""
"22994","QB","Case","Keenum","12.4","2","4800","PIT@STL","STL","PIT","","","",""
"10030","WR","Harry","Douglas","5.1","2","4800","IND@TEN","TEN","IND","","","",""
"30364","QB","Aaron","Murray","0","0","4800","KC@GB","KC","GB","","","",""
"54705","QB","Dustin","Vaughan","0","0","4800","BUF@MIA","BUF","MIA","","","",""
"6387","WR","Miles","Austin","1.6","2","4800","PHI@NYJ","PHI","NYJ","","","",""
"28486","WR","Corey (Philly)","Brown","7.8","2","4800","NO@CAR","CAR","NO","","","",""
"22774","RB","Jonas","Gray","9.1","8","4800","BUF@MIA","MIA","BUF","","","",""
"11479","RB","Toby","Gerhart","5.1","14","4800","JAC@NE","JAC","NE","P","Abdomen","",""
"24760","QB","Sean","Renfree","0","0","4800","ATL@DAL","ATL","DAL","","","",""
"8023","QB","Josh","Johnson","0","0","4800","PHI@NYJ","NYJ","PHI","","","",""
"10354","RB","Marcel","Reece","9.1","2","4800","OAK@CLE","OAK","CLE","","","",""
"7975","RB","Mike","Tolbert","3.4","2","4800","NO@CAR","CAR","NO","","","",""
"31798","QB","Bryce","Petty","0","0","4800","PHI@NYJ","NYJ","PHI","","","",""
"6831","QB","Matt","Hasselbeck","4.2","4","4800","IND@TEN","IND","TEN","","","",""
"30788","QB","Tyler","Bray","0","0","4800","KC@GB","KC","GB","O","Knee","",""
"10647","K","Matt","Bryant","12","2","4800","ATL@DAL","ATL","DAL","","","",""
"6910","K","Robbie","Gould","14","2","4800","CHI@SEA","CHI","SEA","","","",""
"22187","QB","Chandler","Harnish","0","0","4800","SF@ARI","ARI","SF","","","",""
"29915","QB","Brett","Hundley","0","0","4800","KC@GB","GB","KC","","","",""
"6884","WR","Hakeem","Nicks","5.2","16","4800","IND@TEN","TEN","IND","","","",""
"22109","K","Greg","Zuerlein","8","2","4800","PIT@STL","STL","PIT","","","",""
"22100","K","Randy","Bullock","6.5","2","4800","TB@HOU","HOU","TB","","","",""
"11562","TE","Andrew","Quarless","0","2","4800","KC@GB","GB","KC","","","",""
"30910","RB","Zac","Stacy","0","1","4800","PHI@NYJ","NYJ","PHI","","","",""
"22018","WR","Mohamed","Sanu","3.2","2","4800","CIN@BAL","CIN","BAL","","","",""
"11615","QB","Joe","Webb","0","2","4800","NO@CAR","CAR","NO","","","",""
"28202","RB","Jeremy","Langford","4.1","2","4700","CHI@SEA","CHI","SEA","","","",""
"29593","WR","Marqise","Lee","4.9","1","4700","JAC@NE","JAC","NE","P","Hamstring","",""
"33137","WR","Justin","Hardy","0","0","4700","ATL@DAL","ATL","DAL","NA","","",""
"47640","RB","Branden","Oliver","1.4","2","4700","SD@MIN","SD","MIN","","","",""
"26498","WR","Stedman","Bailey","3.9","2","4700","PIT@STL","STL","PIT","","","",""
"31280","K","Cody","Parkey","5.5","2","4700","PHI@NYJ","PHI","NYJ","","","",""
"22762","WR","Chris","Owusu","3.8","2","4700","PHI@NYJ","NYJ","PHI","NA","Knee","",""
"44449","WR","Willie","Snead","8.6","2","4700","NO@CAR","NO","CAR","","","",""
"12546","D","Arizona","Cardinals","11.5","2","4700","SF@ARI","ARI","SF","","","",""
"39445","WR","Brice","Butler","0","1","4700","ATL@DAL","DAL","ATL","","","",""
"22336","WR","Josh","Bellamy","5.7","2","4700","CHI@SEA","CHI","SEA","","","",""
"24569","K","Chandler","Catanzaro","7","2","4700","SF@ARI","ARI","SF","","","",""
"6810","K","Dan","Carpenter","6.5","2","4700","BUF@MIA","BUF","MIA","P","Abdomen","",""
"10744","K","Graham","Gano","8","2","4700","NO@CAR","CAR","NO","","","",""
"7831","K","Sebastian","Janikowski","8","2","4700","OAK@CLE","OAK","CLE","","","",""
"11766","TE","Jeff","Cumberland","0","2","4700","PHI@NYJ","NYJ","PHI","","","",""
"30733","WR","Cordarrelle","Patterson","0.3","2","4700","SD@MIN","MIN","SD","","","",""
"25886","WR","Devin","Street","1.2","2","4700","ATL@DAL","DAL","ATL","","","",""
"6672","TE","Marcedes","Lewis","0","2","4700","JAC@NE","JAC","NE","","","",""
"29734","WR","Ty","Montgomery","2.9","2","4700","KC@GB","GB","KC","","","",""
"6682","TE","Owen","Daniels","2.5","2","4700","DEN@DET","DEN","DET","","","",""
"12541","D","New England","Patriots","9","2","4700","JAC@NE","NE","JAC","","","",""
"22110","K","Blair","Walsh","5.5","2","4700","SD@MIN","MIN","SD","","","",""
"33465","RB","Theo","Riddick","7.9","2","4700","DEN@DET","DET","DEN","","","",""
"11577","WR","Riley","Cooper","2","2","4700","PHI@NYJ","PHI","NYJ","","","",""
"28080","WR","Devin","Funchess","1.7","2","4700","NO@CAR","CAR","NO","","","",""
"6688","WR","Jerricho","Cotchery","7.1","2","4700","NO@CAR","CAR","NO","O","Ankle","",""
"14394","TE","Virgil","Green","4.1","2","4700","DEN@DET","DEN","DET","","","",""
"24862","WR","Rashad","Greene","7","2","4700","JAC@NE","JAC","NE","IR","Thumb","",""
"14369","RB","Jordan","Todman","0.6","2","4700","PIT@STL","PIT","STL","","","",""
"6768","WR","Eddie","Royal","4.5","2","4700","CHI@SEA","CHI","SEA","Q","Hip","",""
"22048","RB","Robert","Turbin","4.2","16","4700","OAK@CLE","CLE","OAK","NA","Ankle","",""
"6782","K","Matt","Prater","4","2","4700","DEN@DET","DET","DEN","","","",""
"6642","K","Nick","Folk","8","2","4600","PHI@NYJ","NYJ","PHI","","","",""
"14240","TE","Lance","Kendricks","6.6","2","4600","PIT@STL","STL","PIT","","","",""
"14301","RB","Kendall","Hunter","0","0","4600","SF@ARI","SF","ARI","","","",""
"28502","WR","Devin","Smith","0","0","4600","PHI@NYJ","NYJ","PHI","P","Ribs","",""
"47953","WR","Lucky","Whitehead","0","2","4600","ATL@DAL","DAL","ATL","","","",""
"8117","WR","Danny","Amendola","3.6","2","4600","JAC@NE","NE","JAC","","","",""
"12553","D","Carolina","Panthers","12.5","2","4600","NO@CAR","CAR","NO","","","",""
"12555","D","Baltimore","Ravens","7.5","2","4600","CIN@BAL","BAL","CIN","","","",""
"33714","K","Cairo","Santos","8","2","4600","KC@GB","KC","GB","","","",""
"44351","WR","L.T.","Smith","0","0","4600","IND@TEN","IND","TEN","","","",""
"22228","TE","Chase","Ford","3.9","11","4600","SD@MIN","MIN","SD","NA","","",""
"29827","TE","Joseph","Fauria","2.6","7","4600","SF@ARI","ARI","SF","","","",""
"6904","WR","Devin","Hester","5.9","16","4600","ATL@DAL","ATL","DAL","NA","Toe","",""
"6896","WR","Greg","Jennings","2.2","2","4600","BUF@MIA","MIA","BUF","","","",""
"6676","K","Josh","Scobee","5.5","2","4600","PIT@STL","PIT","STL","","","",""
"22108","RB","Vick","Ballard","0","0","4600","IND@TEN","IND","TEN","","","",""
"12539","D","Miami","Dolphins","7.5","2","4600","BUF@MIA","MIA","BUF","","","",""
"12533","D","Green Bay","Packers","5.5","2","4600","KC@GB","GB","KC","","","",""
"11538","TE","Garrett","Graham","3.6","2","4600","TB@HOU","HOU","TB","","","",""
"12529","D","Cleveland","Browns","10.5","2","4600","OAK@CLE","CLE","OAK","","","",""
"12528","D","Cincinnati","Bengals","10.5","2","4600","CIN@BAL","CIN","BAL","","","",""
"12531","D","Denver","Broncos","18.5","2","4600","DEN@DET","DEN","DET","","","",""
"11556","TE","Michael","Hoomanawanui","0","2","4600","JAC@NE","NE","JAC","NA","","",""
"6702","K","Phil","Dawson","6.5","2","4600","SF@ARI","SF","ARI","","","",""
"28144","TE","Dion","Sims","0","1","4600","BUF@MIA","MIA","BUF","D","Concussion","",""
"6767","K","Ryan","Succop","4","2","4600","IND@TEN","TEN","IND","","","",""
"22000","RB","LaMichael","James","0","1","4500","BUF@MIA","MIA","BUF","","","",""
"47828","RB","Antonio","Andrews","0.5","4","4500","IND@TEN","TEN","IND","P","Hamstring","",""
"6567","TE","David","Johnson","0","2","4500","SD@MIN","SD","MIN","","","",""
"30598","TE","Rory","Anderson","0","0","4500","SF@ARI","SF","ARI","IR","Ankle","",""
"21990","WR","Ryan","Broyles","0.7","5","4500","DEN@DET","DET","DEN","","","",""
"33037","WR","Kenbrell","Thompkins","2.7","14","4500","JAC@NE","NE","JAC","","","",""
"61247","TE","Joe Don","Duncan","0","0","4500","DEN@DET","DEN","DET","","","",""
"64104","RB","Terrell","Watson","0","0","4500","CIN@BAL","CIN","BAL","","","",""
"22800","RB","Derrick","Coleman","0.4","2","4500","CHI@SEA","SEA","CHI","","","",""
"30635","RB","Mike","Davis","2.8","1","4500","SF@ARI","SF","ARI","","","",""
"34154","WR","Jamarcus","Nelson","-1","2","4500","SF@ARI","ARI","SF","O","Shoulder","",""
"26343","WR","Corey","Fuller","0","2","4500","DEN@DET","DET","DEN","","","",""
"27199","RB","Marcus","Murphy","0","2","4500","NO@CAR","NO","CAR","","","",""
"64014","WR","Avius","Capers","0","0","4500","NO@CAR","CAR","NO","","","",""
"30667","TE","Justice","Cunningham","0","0","4500","PIT@STL","STL","PIT","","","",""
"30709","WR","Bruce","Ellington","1.5","1","4500","SF@ARI","SF","ARI","Q","Ankle","",""
"22849","TE","Cory","Harkey","0","2","4500","PIT@STL","STL","PIT","","","",""
"6597","TE","Craig","Stevens","0.9","2","4500","IND@TEN","TEN","IND","","","",""
"6595","TE","Matt","Spaeth","0","2","4500","PIT@STL","PIT","STL","","","",""
"6622","WR","Eric","Weems","0","2","4500","ATL@DAL","ATL","DAL","","","",""
"64042","RB","LaVance","Taylor","0","0","4500","KC@GB","KC","GB","","","",""
"64045","WR","Trent","Steelman","0","0","4500","CIN@BAL","BAL","CIN","","","",""
"64046","WR","Ed","Williams","0","0","4500","KC@GB","GB","KC","","","",""
"14230","RB","Ryan","Williams","0","0","4500","ATL@DAL","DAL","ATL","","","",""
"62985","WR","Jeret","Smith","0","0","4500","KC@GB","KC","GB","","","",""
"28346","TE","Maxx","Williams","1.7","2","4500","CIN@BAL","BAL","CIN","","","",""
"15178","RB","Chase","Reynolds","0","1","4500","PIT@STL","STL","PIT","NA","Knee","",""
"27378","RB","Trey","Millard","0","0","4500","SF@ARI","SF","ARI","","","",""
"28311","TE","MarQueis","Gray","0","2","4500","BUF@MIA","BUF","MIA","","","",""
"14265","WR","Austin","Pettis","4.8","5","4500","SD@MIN","SD","MIN","","","",""
"29540","RB","Terron","Ward","0.7","2","4500","ATL@DAL","ATL","DAL","","","",""
"6422","TE","Gary","Barnidge","3.8","2","4500","OAK@CLE","CLE","OAK","","","",""
"22938","WR","Rod","Streater","1.3","1","4500","OAK@CLE","OAK","CLE","NA","","",""
"27338","RB","Rex","Burkhead","2.1","2","4500","CIN@BAL","CIN","BAL","","","",""
"14253","WR","Greg","Little","1.9","6","4500","CIN@BAL","CIN","BAL","NA","","",""
"55536","WR","Tyler","McDonald","0","0","4500","BUF@MIA","MIA","BUF","","","",""
"33232","RB","Dominique","Brown","0","0","4500","PIT@STL","PIT","STL","","","",""
"23023","TE","Cooper","Helfet","0","2","4500","CHI@SEA","SEA","CHI","","","",""
"14297","WR","Greg","Salas","2.9","10","4500","DEN@DET","DET","DEN","","","",""
"33242","WR","Kai","De La Cruz","0","0","4500","BUF@MIA","MIA","BUF","","","",""
"28408","WR","Kyle","Prater","0","0","4500","NO@CAR","NO","CAR","","","",""
"14302","WR","Kris","Durham","2.1","4","4500","OAK@CLE","OAK","CLE","","","",""
"14274","TE","Rob","Housler","0","2","4500","OAK@CLE","CLE","OAK","","","",""
"14277","WR","Vincent","Brown","2.5","7","4500","IND@TEN","IND","TEN","","","",""
"15121","WR","Chris","Matthews","1.6","2","4500","CHI@SEA","SEA","CHI","","","",""
"30591","WR","Ace","Sanders","1","12","4500","JAC@NE","JAC","NE","","","",""
"11870","WR","Seyi","Ajirotutu","0","1","4500","PHI@NYJ","PHI","NYJ","P","Elbow","",""
"22991","RB","Jonathan","Grimes","5.6","2","4500","TB@HOU","HOU","TB","Q","Knee","",""
"64160","WR","Arthur","Williams","0","0","4500","PHI@NYJ","NYJ","PHI","","","",""
"14304","TE","Luke","Stocker","0","2","4500","TB@HOU","TB","HOU","","","",""
"26199","WR","Jarrod","West","0","0","4500","PIT@STL","PIT","STL","","","",""
"27266","WR","Quincy","Enunwa","1.6","2","4500","PHI@NYJ","NYJ","PHI","","","",""
"27269","RB","Braylon","Heard","0","0","4500","PIT@STL","PIT","STL","","","",""
"54782","TE","Cameron","Brate","0.4","5","4500","TB@HOU","TB","HOU","","","",""
"7394","TE","Brandon","Pettigrew","0","1","4500","DEN@DET","DET","DEN","O","Hamstring","",""
"54753","WR","Taylor","Gabriel","1.6","2","4500","OAK@CLE","CLE","OAK","","","",""
"25561","WR","Michael","Campanaro","0.7","2","4500","CIN@BAL","BAL","CIN","","","",""
"12903","WR","Andrew","Hawkins","4.9","2","4500","OAK@CLE","CLE","OAK","","","",""
"30385","WR","Marlon","Brown","2.9","2","4500","CIN@BAL","BAL","CIN","","","",""
"31329","WR","Russell","Shepard","0.6","2","4500","TB@HOU","TB","HOU","","","",""
"15006","RB","Shaun","Draughn","0.2","2","4500","OAK@CLE","CLE","OAK","","","",""
"30403","WR","Chris","Conley","0","2","4500","KC@GB","KC","GB","","","",""
"30414","WR","Michael","Bennett","0","0","4500","CIN@BAL","CIN","BAL","","","",""
"6388","WR","Jason","Avant","0","2","4500","KC@GB","KC","GB","","","",""
"44791","RB","Bronson","Hill","0","0","4500","CHI@SEA","CHI","SEA","","","",""
"39411","TE","Gavin","Escobar","4.2","2","4500","ATL@DAL","DAL","ATL","","","",""
"27445","WR","Jalen","Saunders","-0.1","9","4500","CHI@SEA","CHI","SEA","","","",""
"29340","WR","Josh","Huff","3","2","4500","PHI@NYJ","PHI","NYJ","NA","Hamstring","",""
"31241","WR","Sammie","Coates","0","0","4500","PIT@STL","PIT","STL","","","",""
"29357","RB","Kenjon","Barner","0","0","4500","PHI@NYJ","PHI","NYJ","","","",""
"28487","TE","Jeff","Heuerman","0","0","4500","DEN@DET","DEN","DET","IR","Knee","",""
"27403","TE","Blake","Bell","0.8","2","4500","SF@ARI","SF","ARI","P","Back","",""
"29351","WR","De'Anthony","Thomas","1.3","2","4500","KC@GB","KC","GB","P","Calf","",""
"54663","WR","Seantavius","Jones","0","1","4500","NO@CAR","NO","CAR","","","",""
"30249","WR","Frankie","Hammond","0.4","16","4500","KC@GB","KC","GB","","","",""
"64487","WR","Adam","Drake","0","0","4500","KC@GB","KC","GB","","","",""
"44560","TE","Alex","Bayer","0","6","4500","SD@MIN","SD","MIN","","","",""
"54623","WR","Jeff","Janis","0","2","4500","KC@GB","GB","KC","","","",""
"7244","RB","John","Kuhn","0","2","4500","KC@GB","GB","KC","","","",""
"32418","RB","Christine","Michael","1.9","10","4500","ATL@DAL","DAL","ATL","","","",""
"25420","RB","Tony","Creecy","0","0","4500","JAC@NE","NE","JAC","","","",""
"30259","WR","Solomon","Patton","0.3","7","4500","DEN@DET","DEN","DET","","","",""
"32429","K","Josh","Lambo","8.5","2","4500","SD@MIN","SD","MIN","","","",""
"44670","TE","Deon","Butler","0","0","4500","DEN@DET","DET","DEN","","","",""
"30297","TE","Trey","Burton","0","2","4500","PHI@NYJ","PHI","NYJ","P","Shoulder","",""
"22754","TE","Garrett","Celek","3.8","2","4500","SF@ARI","SF","ARI","","","",""
"46001","RB","Joey","Iosefa","0","0","4500","TB@HOU","TB","HOU","","","",""
"33007","TE","Blake","Annen","0","5","4500","NO@CAR","NO","CAR","","","",""
"33981","TE","Eric","Frohnapfel","0","0","4500","SD@MIN","SD","MIN","","","",""
"32045","TE","Vance","McDonald","0.5","2","4500","SF@ARI","SF","ARI","Q","Knee","",""
"62628","WR","DeAndre","Carter","0","0","4500","OAK@CLE","OAK","CLE","","","",""
"62631","RB","Gus","Johnson","0","0","4500","ATL@DAL","DAL","ATL","","","",""
"24797","RB","Juwan","Thompson","0","2","4500","DEN@DET","DEN","DET","","","",""
"14837","WR","Jeremy","Ross","2.8","16","4500","CIN@BAL","BAL","CIN","","","",""
"39615","TE","Brandon","Williams","0","2","4500","NO@CAR","CAR","NO","","","",""
"30108","WR","Marquess","Wilson","4.2","2","4500","CHI@SEA","CHI","SEA","P","Shoulder","",""
"25775","TE","Clive","Walford","0.8","2","4500","OAK@CLE","OAK","CLE","","","",""
"32000","TE","Luke","Willson","2.3","2","4500","CHI@SEA","SEA","CHI","Q","Back","",""
"14815","WR","Joseph","Morgan","0","1","4500","NO@CAR","NO","CAR","","","",""
"25783","RB","Mike","James","0.3","11","4500","TB@HOU","TB","HOU","","","",""
"62619","K","Andrew","Franks","7.5","2","4500","BUF@MIA","MIA","BUF","","","",""
"62616","RB","Zach","Zenner","0.3","2","4500","DEN@DET","DET","DEN","","","",""
"38517","RB","Dreamius","Smith","0","0","4500","SD@MIN","SD","MIN","","","",""
"33541","K","Kyle","Brindza","9","2","4500","TB@HOU","TB","HOU","","","",""
"60745","K","Jason","Myers","8","2","4500","JAC@NE","JAC","NE","","","",""
"31036","WR","Kevin","Norwood","0","1","4500","NO@CAR","CAR","NO","","","",""
"27771","WR","Cody","Latimer","0","2","4500","DEN@DET","DEN","DET","","","",""
"48344","WR","Albert","Wilson","2","2","4500","KC@GB","KC","GB","P","Shoulder","",""
"12544","D","New York","Jets","15.5","2","4500","PHI@NYJ","NYJ","PHI","","","",""
"11488","TE","Ed","Dickson","0.7","2","4500","NO@CAR","CAR","NO","","","",""
"22447","WR","Griff","Whalen","0","2","4500","IND@TEN","IND","TEN","","","",""
"62508","TE","James","O'Shaughnessy","3.2","2","4500","KC@GB","KC","GB","","","",""
"62510","TE","Nick","Boyle","0","2","4500","CIN@BAL","BAL","CIN","","","",""
"62505","TE","MyCole","Pruitt","0","2","4500","SD@MIN","MIN","SD","","","",""
"60800","RB","Jarryd","Hayne","0.4","2","4500","SF@ARI","SF","ARI","","","",""
"31207","TE","C.J.","Uzomah","0","0","4500","CIN@BAL","CIN","BAL","NA","","",""
"29994","K","Travis","Coons","4","2","4500","OAK@CLE","CLE","OAK","","","",""
"14704","WR","Chris","Hogan","0.8","2","4500","BUF@MIA","BUF","MIA","","","",""
"39428","RB","Kyle","Juszczyk","2.7","2","4500","CIN@BAL","BAL","CIN","","","",""
"39427","WR","Quinton","Patton","2.3","2","4500","SF@ARI","SF","ARI","","","",""
"6951","TE","James","Casey","0","2","4500","DEN@DET","DEN","DET","","","",""
"25654","RB","Tommy","Bohanon","0.1","2","4500","PHI@NYJ","NYJ","PHI","","","",""
"31188","TE","Chris","Gragg","1.4","10","4500","BUF@MIA","BUF","MIA","","","",""
"14683","RB","Patrick","DiMarco","1.2","2","4500","ATL@DAL","ATL","DAL","","","",""
"39512","RB","Kendall","Gaskins","0","0","4500","SF@ARI","SF","ARI","","","",""
"14629","WR","Ricardo","Lockette","0","2","4500","CHI@SEA","SEA","CHI","","","",""
"32234","RB","Malcolm","Brown","0","0","4500","PIT@STL","STL","PIT","","","",""
"24589","WR","Jaron","Brown","5.2","2","4500","SF@ARI","ARI","SF","","","",""
"44361","RB","Jawon","Chisholm","0","0","4500","PIT@STL","PIT","STL","","","",""
"32243","WR","Marquise","Goodwin","0.6","10","4500","BUF@MIA","BUF","MIA","O","Ribs","",""
"14645","WR","Dontrelle","Inman","0","1","4500","SD@MIN","SD","MIN","","","",""
"7001","TE","Kellen","Davis","0","2","4500","PHI@NYJ","NYJ","PHI","","","",""
"14649","TE","Kyle","Miller","0","1","4500","SD@MIN","SD","MIN","","","",""
"62534","TE","Brian","Parker","0","0","4500","KC@GB","KC","GB","","","",""
"9442","WR","Brandon","Tate","0","2","4500","CIN@BAL","CIN","BAL","","","",""
"39539","TE","Brian","Leonhardt","1","12","4500","OAK@CLE","OAK","CLE","","","",""
"31109","K","Zach","Hocker","7.5","2","4500","NO@CAR","NO","CAR","","","",""
"27878","RB","Mark","Weisman","0","0","4500","CIN@BAL","CIN","BAL","","","",""
"39521","WR","Da'Rick","Rogers","0","0","4500","KC@GB","KC","GB","","","",""
"28936","WR","Kenzel","Doe","0","0","4500","PIT@STL","PIT","STL","","","",""
"11648","TE","Jim","Dray","0.9","2","4500","OAK@CLE","CLE","OAK","","","",""
"6809","WR","Brian","Hartline","1.5","2","4500","OAK@CLE","CLE","OAK","","","",""
"25052","RB","Zach","Laskey","0","0","4500","PIT@STL","STL","PIT","","","",""
"27908","TE","C.J.","Fiedorowicz","2.2","2","4500","TB@HOU","HOU","TB","Q","Knee","",""
"11671","RB","Erik","Lorig","1.2","10","4500","NO@CAR","NO","CAR","","","",""
"63858","WR","AJ","Cruz","0","0","4500","CHI@SEA","CHI","SEA","","","",""
"44163","WR","James","Butler","0","0","4500","KC@GB","GB","KC","","","",""
"22235","RB","Jeremy","Stewart","0.6","6","4500","DEN@DET","DEN","DET","","","",""
"23055","TE","Brandon","Bostick","0.6","13","4500","SF@ARI","ARI","SF","","","",""
"26038","TE","Tyler","Kroft","0","2","4500","CIN@BAL","CIN","BAL","","","",""
"25079","WR","Stefon","Diggs","0","0","4500","SD@MIN","MIN","SD","NA","","",""
"6828","RB","Tim","Hightower","0","0","4500","NO@CAR","NO","CAR","","","",""
"22258","RB","Travaris","Cadet","0.7","1","4500","JAC@NE","NE","JAC","NA","","",""
"39859","TE","Jack","Doyle","0","2","4500","IND@TEN","IND","TEN","","","",""
"23076","RB","Jorvorskie","Lane","0","2","4500","TB@HOU","TB","HOU","","","",""
"6823","TE","John","Phillips","0","2","4500","SD@MIN","SD","MIN","","","",""
"22144","WR","Tommy","Streeter","0","2","4500","BUF@MIA","MIA","BUF","","","",""
"30775","WR","Justin","Hunter","3","2","4500","IND@TEN","TEN","IND","","","",""
"11718","WR","David","Nelson","1.8","6","4500","PIT@STL","PIT","STL","IR","Undisclosed","",""
"26074","TE","Tim","Wright","0","1","4500","DEN@DET","DET","DEN","","","",""
"22177","WR","Junior","Hemingway","1.2","14","4500","KC@GB","KC","GB","","","",""
"7856","WR","Matthew","Slater","0","2","4500","JAC@NE","NE","JAC","","","",""
"22181","TE","David","Paulson","0","0","4500","SD@MIN","SD","MIN","","","",""
"7870","TE","Benjamin","Watson","2.8","2","4500","NO@CAR","NO","CAR","","","",""
"22185","RB","Brad","Smelley","0","0","4500","PIT@STL","STL","PIT","","","",""
"22198","WR","Brittan","Golden","0","0","4500","SF@ARI","ARI","SF","","","",""
"59424","TE","Taylor","Sloat","0","0","4500","TB@HOU","TB","HOU","","","",""
"12526","D","Buffalo","Bills","5.5","2","4500","BUF@MIA","BUF","MIA","","","",""
"6684","WR","Jacoby","Jones","0","1","4500","SD@MIN","SD","MIN","O","Ankle","",""
"65926","TE","Anthony","Ezeakunne","0","0","4500","OAK@CLE","CLE","OAK","","","",""
"29728","RB","Ricky","Seale","0","0","4500","BUF@MIA","BUF","MIA","","","",""
"6660","RB","Donald","Brown","4.5","13","4500","SD@MIN","SD","MIN","","","",""
"12538","D","St Louis","Rams","9.5","2","4500","PIT@STL","STL","PIT","","","",""
"12535","D","Indianapolis","Colts","2","2","4500","IND@TEN","IND","TEN","","","",""
"11543","TE","Clay","Harbor","0","2","4500","JAC@NE","JAC","NE","","","",""
"65962","TE","Dan","Light","0","0","4500","DEN@DET","DEN","DET","","","",""
"7801","TE","Brandon","Myers","0","2","4500","TB@HOU","TB","HOU","","","",""
"22123","TE","James","Hanna","0","1","4500","ATL@DAL","DAL","ATL","P","Knee","",""
"39716","WR","Adam","Thielen","0","2","4500","SD@MIN","MIN","SD","","","",""
"11557","RB","John","Conner","1","12","4500","BUF@MIA","BUF","MIA","","","",""
"6694","WR","Joshua","Cribbs","1.4","6","4500","IND@TEN","IND","TEN","","","",""
"14406","RB","Bruce","Miller","0.6","2","4500","SF@ARI","SF","ARI","","","",""
"29725","TE","Levine","Toilolo","0.5","2","4500","ATL@DAL","ATL","DAL","","","",""
"29723","RB","Stepfan","Taylor","0","2","4500","SF@ARI","ARI","SF","","","",""
"22029","RB","Bernard","Pierce","0.7","2","4500","JAC@NE","JAC","NE","","","",""
"11594","RB","Anthony","Dixon","3.1","2","4500","BUF@MIA","BUF","MIA","","","",""
"6742","TE","Brent","Celek","0.6","2","4500","PHI@NYJ","PHI","NYJ","","","",""
"7706","TE","Chase","Coffman","6.2","1","4500","IND@TEN","TEN","IND","","","",""
"57348","RB","Glenn","Winston","0","5","4500","OAK@CLE","CLE","OAK","O","Knee","",""
"22042","TE","Evan","Rodriguez","0","1","4500","TB@HOU","TB","HOU","","","",""
"14372","WR","Aldrick","Robinson","0.2","5","4500","CIN@BAL","BAL","CIN","","","",""
"22034","WR","Chris","Givens","0.6","2","4500","PIT@STL","STL","PIT","","","",""
"10531","WR","Jordan","Norwood","3.2","2","4500","DEN@DET","DEN","DET","","","",""
"22063","WR","Keshawn","Martin","0.7","16","4500","JAC@NE","NE","JAC","","","",""
"11622","WR","Trindon","Holliday","1.7","2","4500","OAK@CLE","OAK","CLE","","","",""
"14361","TE","Richard","Gordon","0","5","4500","KC@GB","KC","GB","","","",""
"6783","WR","Lance","Moore","1.8","2","4500","DEN@DET","DET","DEN","","","",""
"33488","TE","Troy","Niklas","0","2","4500","SF@ARI","ARI","SF","","","",""
"28694","TE","Jesse","James","0","0","4500","PIT@STL","PIT","STL","NA","","",""
"14338","WR","Denarius","Moore","1.6","10","4500","CIN@BAL","CIN","BAL","","","",""
"6753","WR","Andre","Caldwell","0.9","2","4500","DEN@DET","DEN","DET","","","",""
"14336","RB","Jacquizz","Rodgers","1.2","2","4500","CHI@SEA","CHI","SEA","","","",""
"7718","RB","Cedric","Peerman","0","2","4500","CIN@BAL","CIN","BAL","","","",""
"22065","TE","Rhett","Ellison","0.4","2","4500","SD@MIN","MIN","SD","","","",""
"11635","WR","Marc","Mariani","0","2","4500","CHI@SEA","CHI","SEA","","","",""
"14349","WR","Jeremy","Kerley","0","2","4500","PHI@NYJ","NYJ","PHI","","","",""
"12545","D","Philadelphia","Eagles","6.5","2","4400","PHI@NYJ","PHI","NYJ","","","",""
"12547","D","Pittsburgh","Steelers","4.5","2","4400","PIT@STL","PIT","STL","","","",""
"12548","D","San Diego","Chargers","4.5","2","4400","SD@MIN","SD","MIN","","","",""
"12540","D","Minnesota","Vikings","7","2","4400","SD@MIN","MIN","SD","","","",""
"12542","D","New Orleans","Saints","4","2","4400","NO@CAR","NO","CAR","","","",""
"12532","D","Detroit","Lions","8","2","4400","DEN@DET","DET","DEN","","","",""
"12549","D","San Francisco","49ers","5","2","4300","SF@ARI","SF","ARI","","","",""
"12525","D","Atlanta","Falcons","4.5","2","4300","ATL@DAL","ATL","DAL","","","",""
"12537","D","Oakland","Raiders","2.5","2","4300","OAK@CLE","OAK","CLE","","","",""
"12536","D","Kansas City","Chiefs","10.5","2","4300","KC@GB","KC","GB","","","",""
"12530","D","Dallas","Cowboys","10.5","2","4300","ATL@DAL","DAL","ATL","","","",""
"12534","D","Tennessee","Titans","8.5","2","4200","IND@TEN","TEN","IND","","","",""
"12551","D","Tampa Bay","Buccaneers","6.5","2","4100","TB@HOU","TB","HOU","","","",""
"12554","D","Jacksonville","Jaguars","5","2","4000","JAC@NE","JAC","NE","","","",""
"12527","D","Chicago","Bears","-0.5","2","4000","CHI@SEA","CHI","SEA","","","",""